step,rollout_reward_mean,rollout_reward_std,eval_dcr_mean
2048.0,0.13795360061745474,0.2012234365071868,nan
4096.0,0.16515782392795117,0.1564414820925823,nan
6144.0,0.05512250539176802,0.19206919703598563,nan
8192.0,0.01671193374951037,0.16871958833082937,nan
10240.0,0.07610440632242205,0.17800314092578265,nan
12288.0,0.06594711814604041,0.19353097052092705,nan
14336.0,0.06000344096239292,0.16894412405813836,nan
16384.0,0.06082917021112443,0.1687918940507339,nan
18432.0,0.03281580953457894,0.1962618824902126,nan
20480.0,0.05524499893330738,0.19564233039946158,nan
22528.0,0.03630899379471399,0.19635848916632756,nan
24576.0,0.03744855122270621,0.19734641983724377,nan
26624.0,0.04778355740450241,0.1857273922785716,nan
28672.0,0.009544566014152156,0.17509185640435096,nan
30720.0,0.02459428114456053,0.18738071059762723,nan
32768.0,0.04626081893385487,0.13785978115536524,nan
34816.0,0.0568607045330963,0.20214555858020708,nan
36864.0,0.06941628072402259,0.16520682473928058,nan
38912.0,0.043847533577615734,0.17508112360256253,nan
40960.0,0.04637826782367222,0.15080558404002256,nan
43008.0,0.0225002715112351,0.18736263478307622,nan
45056.0,0.08499566683687405,0.17913403278032233,nan
47104.0,0.01653778053701841,0.17803505145720186,nan
49152.0,0.04666754991632595,0.16647952798658913,nan
51200.0,0.023221559827715614,0.181488867359184,nan
53248.0,0.02501615899257225,0.16812646432803624,nan
55296.0,0.08137819472581004,0.17517704997920633,nan
57344.0,0.0019311205156925682,0.1682460141283572,nan
59392.0,-0.007848367331417569,0.18203511659914665,nan
61440.0,0.05605786944863676,0.18631412444759723,nan
63488.0,0.04492052951879004,0.1879029903587026,nan
65536.0,0.05179177464382048,0.18944214506674856,nan
67584.0,0.04567704867465189,0.1860338218187132,nan
69632.0,0.047899315882586835,0.14912688813499295,nan
71680.0,0.041808331948283636,0.18675339295956805,nan
73728.0,0.021067360283039828,0.1918636472312094,nan
75776.0,0.0730251242518852,0.18207202691736474,nan
77824.0,0.0464054557704031,0.17992416656640403,nan
79872.0,0.06729132034286714,0.17750889529784047,nan
81920.0,0.05523139206278527,0.16629532626039367,nan
83968.0,0.03601135596233143,0.14805613718570196,nan
86016.0,0.08681535410127966,0.16860498361835688,nan
88064.0,0.0069920437964040225,0.17467558744574924,nan
90112.0,0.056073687268186956,0.16665307942116248,nan
92160.0,0.03848352559027363,0.17785540708950992,nan
94208.0,-0.0011353754995830252,0.16638219136434412,nan
96256.0,0.03871474867542649,0.19182402221181072,nan
98304.0,0.04242960903598891,0.15307124453784896,nan
100352.0,0.006098960690236567,0.12323160666130809,26.133056133056137
102400.0,0.07767379712964473,0.18613508365897788,nan
104448.0,0.016001017408073505,0.1818942170847076,nan
106496.0,0.030030005303163514,0.17128520314630094,nan
108544.0,0.07211782371225728,0.16714820702954186,nan
110592.0,0.014307457756521005,0.17107493322907505,nan
112640.0,0.05187550056756551,0.1659117805109777,nan
114688.0,0.0319374652426828,0.1526514442109287,nan
116736.0,0.03503783402000124,0.16766034765189095,nan
118784.0,0.04059717892637037,0.1798979247289705,nan
120832.0,0.02989297289970729,0.15965374904294127,nan
122880.0,0.0536100579183877,0.15383364829154358,nan
124928.0,0.06440890587578413,0.19360548510378917,nan
126976.0,0.015421909178054239,0.15938075606098223,nan
129024.0,0.0549526608608915,0.16046447916752585,nan
131072.0,0.05203174037800504,0.18082518886978977,nan
133120.0,0.050016328220434725,0.16315004631737642,nan
135168.0,0.039907233285618106,0.17708446915769582,nan
137216.0,0.05456624021054814,0.18758463121641158,nan
139264.0,0.03314590054356597,0.14805712040063662,nan
141312.0,0.04690911114919929,0.13940695725517896,nan
143360.0,0.03576748530510898,0.152025589434656,nan
145408.0,0.0629632743281065,0.17964551034255155,nan
147456.0,0.020651482774126283,0.1548260523411647,nan
149504.0,0.03407786986596232,0.17333765001207213,nan
151552.0,0.05139667976387172,0.1850762205322996,nan
153600.0,0.04150947606623499,0.18370491373380907,nan
155648.0,0.035490442656266386,0.17353415114959606,nan
157696.0,0.04881929763635432,0.1889128672493172,nan
159744.0,0.0519354449064536,0.18050280743962435,nan
161792.0,0.03825591661581812,0.17726556358120918,nan
163840.0,0.025217299306539515,0.17336840329979056,nan
165888.0,0.06584630194871609,0.18373195315079355,nan
167936.0,0.05669419099646455,0.18548972489754395,nan
169984.0,0.02221575051483249,0.16856533753822442,nan
172032.0,0.0297463609681745,0.1589806998785633,nan
174080.0,0.052533217494380904,0.15549047092539894,nan
176128.0,0.04481208248324908,0.16130911221315428,nan
178176.0,0.04961010493184239,0.17662368180724686,nan
180224.0,0.03660953292253671,0.14477725451342405,nan
182272.0,0.036205991324853845,0.15057364756769034,nan
184320.0,0.07183307003658176,0.14215189332808228,nan
186368.0,0.05874516099208073,0.17520944047256637,nan
188416.0,0.04061341797265579,0.1721913727513675,nan
190464.0,0.04657332133842975,0.1774965036854746,nan
192512.0,0.07691459047810095,0.14029672391829742,nan
194560.0,0.05076726668421565,0.15639073830125597,nan
196608.0,0.05493135172988842,0.15368493343092746,nan
198656.0,0.07946614271769548,0.15024111634031284,nan
200704.0,0.06054110635649528,0.16130254939161787,21.975051975051976
202752.0,0.06225639666300661,0.15340239717732437,nan
204800.0,0.05969547202924723,0.1608289159723179,nan
206848.0,0.061557114246480804,0.16610192706319166,nan
208896.0,0.06624186677581223,0.14821755197014133,nan
210944.0,0.04882290144733193,0.15921811148361845,nan
212992.0,0.06698359573525495,0.1462746538386173,nan
215040.0,0.06578106191675813,0.14474044757024337,nan
217088.0,0.04019505451531946,0.1691685846754204,nan
219136.0,0.05593752157161966,0.16178018636588815,nan
221184.0,0.035299705489179115,0.14741636320423682,nan
223232.0,0.060967218720054075,0.19141587872981833,nan
225280.0,0.07068161578753546,0.1728561035839435,nan
227328.0,0.04557806416852513,0.15273371588539789,nan
229376.0,0.05705110491098593,0.1495881032803142,nan
231424.0,0.050355722091630715,0.17177351722811274,nan
233472.0,0.04993741566041959,0.1579795155430153,nan
235520.0,0.04129471439638554,0.1757425070449369,nan
237568.0,0.04565792119568032,0.14135102840748118,nan
239616.0,0.06426715605635147,0.14426609972794843,nan
241664.0,0.06922338681831802,0.16797342502877222,nan
243712.0,0.05927048207173029,0.1774771898566986,nan
245760.0,0.07682156223385136,0.11660723803129014,nan
247808.0,0.05916773970803595,0.1492559837909139,nan
249856.0,0.052838370028224294,0.15240835340292086,nan
251904.0,0.052251812665736,0.1411192742861747,nan
253952.0,0.07574358602075786,0.13257499276465148,nan
256000.0,0.07160504014867566,0.15699345692431863,nan
258048.0,0.07612467473631725,0.1650563615540543,nan
260096.0,0.08766973536564575,0.1465578974777055,nan
262144.0,0.059907935243109584,0.14674832023404613,nan
264192.0,0.06404630499085846,0.1561397311725094,nan
266240.0,0.06807526108859542,0.13431603269053424,nan
268288.0,0.06547658724436858,0.14756084157242527,nan
270336.0,0.06148466373585698,0.16067246987857087,nan
272384.0,0.04903194174598707,0.1714613445807653,nan
274432.0,0.07734788198115602,0.1283208211354707,nan
276480.0,0.08164392295156919,0.16830933346054106,nan
278528.0,0.045489749586732485,0.13628384361368118,nan
280576.0,0.05286322857263474,0.1577177232794929,nan
282624.0,0.07768063947242522,0.14333448763231893,nan
284672.0,0.07033544172243539,0.16027818305787872,nan
286720.0,0.09865507939046204,0.12866568312522608,nan
288768.0,0.061220706846209144,0.1508467634467568,nan
290816.0,0.06288260008437256,0.1381745241212295,nan
292864.0,0.05594158364772119,0.1603234876129972,nan
294912.0,0.06346185645383383,0.16242527134876805,nan
296960.0,0.061018481500923885,0.16006344757680183,nan
299008.0,0.053724270441907016,0.16521643850452658,nan
301056.0,0.06498064787493682,0.15989544927010327,20.332640332640334
303104.0,0.08055954300504486,0.15580757330664197,nan
305152.0,0.06258907697038842,0.18321270626435826,nan
307200.0,0.0692544207788516,0.14453771860195325,nan
309248.0,0.04567785067007213,0.158481063940068,nan
311296.0,0.06959861593301762,0.14514662841619203,nan
313344.0,0.05821059466994694,0.16510342454633567,nan
315392.0,0.07848019134645476,0.14625331282282886,nan
317440.0,0.04781515979919747,0.17436665022505832,nan
319488.0,0.059653658577732964,0.14213073787334843,nan
321536.0,0.07583506219576354,0.1646177206508522,nan
323584.0,0.04677951568844452,0.15523937827568374,nan
325632.0,0.07356676453381113,0.15511029651636993,nan
327680.0,0.07345100376809607,0.1526259071464864,nan
329728.0,0.07637192594481318,0.15397502446566744,nan
331776.0,0.0719432046656287,0.1680572685982181,nan
333824.0,0.08088972261987204,0.14337926447792348,nan
335872.0,0.05659090515943335,0.16525750472193995,nan
337920.0,0.07872848039961176,0.14516359386396943,nan
339968.0,0.06718050391513536,0.15945033024695393,nan
342016.0,0.05526889748331708,0.18020646015722613,nan
344064.0,0.07060686466707208,0.1530230161567459,nan
346112.0,0.08121506836452842,0.16668555306344557,nan
348160.0,0.05816920271168321,0.1554973732296823,nan
350208.0,0.08089411377721557,0.15025341392844355,nan
352256.0,0.07318055660494138,0.16161685887996022,nan
354304.0,0.07275036634701451,0.13675644264842077,nan
356352.0,0.06098455724559191,0.15590446601902289,nan
358400.0,0.07168828779885497,0.14872692966745496,nan
360448.0,0.06543895594940179,0.16947641518067216,nan
362496.0,0.06285707168305414,0.15995764191278672,nan
364544.0,0.060449930210242184,0.17747124804589126,nan
366592.0,0.07714931851343908,0.15945822101745755,nan
368640.0,0.06017810643076569,0.17731045754270425,nan
370688.0,0.05989236936816015,0.1697327684103508,nan
372736.0,0.08080606960247692,0.16063334716150524,nan
374784.0,0.07565595361205849,0.1703909687813573,nan
376832.0,0.06296696150089096,0.18111725555923072,nan
378880.0,0.04435613718321208,0.17289110310973846,nan
380928.0,0.053403358430928013,0.1653673680148559,nan
382976.0,0.060784991575268385,0.15843353361694174,nan
385024.0,0.05446802636389833,0.14261353292533163,nan
387072.0,0.052808647062726595,0.16635878401463378,nan
389120.0,0.06239192432861837,0.16927094976945453,nan
391168.0,0.0657132665057765,0.17038519408527983,nan
393216.0,0.06644727437541798,0.17398652105377319,nan
395264.0,0.06719767311694934,0.1634129724751852,nan
397312.0,0.07722430595075286,0.15176455383304763,nan
399360.0,0.042833630532024505,0.16031991816838864,nan
401408.0,0.047612289291296794,0.1528173258439374,24.313929313929314
403456.0,0.07659799237949942,0.1745617436238237,nan
405504.0,0.06659611997615308,0.14846985970969123,nan
407552.0,0.07143226731779535,0.1572554456386499,nan
409600.0,0.052473693186443404,0.16121575389720805,nan
411648.0,0.05362699713672392,0.18325292694756673,nan
413696.0,0.07281131128338182,0.14390841948074426,nan
415744.0,0.04642486481310504,0.16769787308046064,nan
417792.0,0.0794291501146657,0.1557836158620603,nan
419840.0,0.063708267422073,0.1535376194900432,nan
421888.0,0.06443947375115897,0.14428296867546456,nan
423936.0,0.060590316485314946,0.1608884007059912,nan
425984.0,0.06300893335920923,0.155722167934871,nan
428032.0,0.06772211877272566,0.1527178054378584,nan
430080.0,0.05352054588468069,0.16973101404812538,nan
432128.0,0.0645664551792007,0.1719379661963539,nan
434176.0,0.07636973844658336,0.1538897909497128,nan
436224.0,0.0547494304451278,0.15572276199895488,nan
438272.0,0.056844700605186205,0.1440988386199847,nan
440320.0,0.06527851138297132,0.15874484672318498,nan
442368.0,0.07177006478193187,0.17543953218815164,nan
444416.0,0.06787731835905114,0.17478094115247758,nan
446464.0,0.05895216299799159,0.17278311028562404,nan
448512.0,0.05501329094520113,0.15978453629088962,nan
450560.0,0.07426275407575052,0.14010307471647143,nan
452608.0,0.055002908019761154,0.158653057587455,nan
454656.0,0.05002206340704479,0.16589172465770322,nan
456704.0,0.05343351315113892,0.15396090329231454,nan
458752.0,0.06472892751107345,0.15777388473728948,nan
460800.0,0.04754262675122264,0.15546886652449268,nan
462848.0,0.07818310565793873,0.1596153966201489,nan
464896.0,0.05231610362174614,0.1523817306824551,nan
466944.0,0.04082726977189671,0.16212258638679436,nan
468992.0,0.07023339417256531,0.15945209096227028,nan
471040.0,0.06772889586877014,0.1678864315121754,nan
473088.0,0.05195121276360422,0.16527390975467587,nan
475136.0,0.06395995892901478,0.16329500058698246,nan
477184.0,0.07076822393839433,0.15936518839484642,nan
479232.0,0.07576432745221917,0.14345513427887038,nan
481280.0,0.06222655794096073,0.1453615479031626,nan
483328.0,0.07950849947531788,0.15748015299486903,nan
485376.0,0.06081123309562534,0.14576970768636904,nan
487424.0,0.07185550388098003,0.15624038656239841,nan
489472.0,0.05402469013757094,0.16378077466066876,nan
491520.0,0.05405805857614758,0.16191338752509477,nan
493568.0,0.058901762369777746,0.14351139225862303,nan
495616.0,0.057475675163705164,0.17489060418524555,nan
497664.0,0.06972930813777814,0.16235448990189458,nan
499712.0,0.06564026550918917,0.1552762052405696,nan
501760.0,0.0716869784488615,0.13081508878854092,18.742203742203746
503808.0,0.05480265750177274,0.14453015025080068,nan
505856.0,0.0796240632235547,0.15429962322777552,nan
507904.0,0.06263398047005136,0.15404158970178974,nan
509952.0,0.052412446042406566,0.16553941234222558,nan
512000.0,0.08098126205701148,0.15433422684730916,nan
514048.0,0.06376557272440339,0.15043936180963188,nan
516096.0,0.05787460182745906,0.16607765703511274,nan
518144.0,0.05338252452636907,0.14749883866846467,nan
520192.0,0.07038047540884454,0.1481708002017181,nan
522240.0,0.027361607119896617,0.15926746798038607,nan
524288.0,0.07739059283708803,0.17061838363758472,nan
526336.0,0.05626479170590847,0.15014835473559604,nan
528384.0,0.05559860691620855,0.17437187329197987,nan
530432.0,0.0695368182088574,0.16055279616516407,nan
532480.0,0.08336357899260682,0.15520753282342542,nan
534528.0,0.07222002383918757,0.15302833067705857,nan
536576.0,0.08186669090055126,0.1547580653470637,nan
538624.0,0.07009060994738311,0.17289441855356216,nan
540672.0,0.06186039983966947,0.1681924243709175,nan
542720.0,0.05226889989744991,0.16143099563361193,nan
544768.0,0.06964395862563873,0.1574602090424867,nan
546816.0,0.06004769096774048,0.16349052957050006,nan
548864.0,0.04824177875804217,0.15904963383252313,nan
550912.0,0.04714476404118213,0.17260870167353473,nan
552960.0,0.07294386282509985,0.1680421927005565,nan
555008.0,0.06450424828888984,0.15871310439870348,nan
557056.0,0.08732809097379995,0.17780092203497738,nan
559104.0,0.06060735053143004,0.17648676345895248,nan
561152.0,0.04980228489908712,0.15452175032064333,nan
563200.0,0.041571447770413286,0.15594933426998692,nan
565248.0,0.08021538593786565,0.162996634143356,nan
567296.0,0.057111070214924106,0.146747098551738,nan
569344.0,0.0642970607897608,0.14360171266001207,nan
571392.0,0.0572822041006563,0.162954578447965,nan
573440.0,0.061645030548966,0.1535825319913614,nan
575488.0,0.06403442719717274,0.15189472085568442,nan
577536.0,0.061143706629311435,0.15333104448860482,nan
579584.0,0.07622312775170648,0.1349987580161647,nan
581632.0,0.06513166967743268,0.1682619065417038,nan
583680.0,0.03459277094319638,0.16310763608461432,nan
585728.0,0.0432144067273533,0.16085649922613285,nan
587776.0,0.07073123223038562,0.15515530838464042,nan
589824.0,0.0650571734245876,0.1675434560365039,nan
591872.0,0.0593841340978505,0.1601331982914922,nan
593920.0,0.04960225192797103,0.16991998183053092,nan
595968.0,0.042221599222150706,0.16614083252750367,nan
598016.0,0.061289176166980944,0.1464241903861073,nan
600064.0,0.06200502596687888,0.13852625603444035,nan
602112.0,0.054767766045966254,0.16712136648910061,23.066528066528065
604160.0,0.04288774149892961,0.1737317680693603,nan
606208.0,0.09501410747450231,0.1665490446402155,nan
608256.0,0.06399054117667471,0.16669926642375305,nan
610304.0,0.07325204466631921,0.15836764490567806,nan
612352.0,0.042211404406794356,0.14793442559734937,nan
614400.0,0.06338063287436237,0.18054240136117924,nan
616448.0,0.059328366471421506,0.1622381850641833,nan
618496.0,0.05529370311457817,0.15551420694654491,nan
620544.0,0.06737881775341036,0.17100743699420862,nan
622592.0,0.06822081261922974,0.16167485124278605,nan
624640.0,0.060482985516495974,0.16444565354818252,nan
626688.0,0.06815619561559597,0.18258403292447287,nan
628736.0,0.06287192599884364,0.14263028787260568,nan
630784.0,0.054672418753685205,0.17113723661394808,nan
632832.0,0.07094511046131718,0.17373131475317297,nan
634880.0,0.07677638710527515,0.1293859945268875,nan
636928.0,0.038862250764522564,0.16020444293525166,nan
638976.0,0.058594221362571565,0.15291995209838585,nan
641024.0,0.05653832792415084,0.17872968566110978,nan
643072.0,0.059293215596958465,0.14322158428523274,nan
645120.0,0.03388560767360903,0.17227639139297093,nan
647168.0,0.048309091724060865,0.16645964157770696,nan
649216.0,0.037418448733218757,0.1651070222381365,nan
651264.0,0.04376352048348024,0.17530053257291284,nan
653312.0,0.05527292620734357,0.16206303576775027,nan
655360.0,0.07933940587926255,0.1477590244093959,nan
657408.0,0.06099994549030334,0.15482406892517764,nan
659456.0,0.04981175799410585,0.1718776450765761,nan
661504.0,0.0737132080511616,0.16370995696596588,nan
663552.0,0.0855108051860371,0.1443010804914633,nan
665600.0,0.06605907982163439,0.16640465207425678,nan
667648.0,0.05595280677505234,0.16710715904614987,nan
669696.0,0.07444987411772945,0.14172554804392787,nan
671744.0,0.050399087614814486,0.17612915267276572,nan
673792.0,0.056047148620595795,0.1532030062453972,nan
675840.0,0.07160559438382533,0.1572248961457107,nan
677888.0,0.06510775139306718,0.1569606156040538,nan
679936.0,0.05134284989535355,0.1694361707951271,nan
681984.0,0.07087050274012557,0.15414012432461974,nan
684032.0,0.0483602170413372,0.17511732927334572,nan
686080.0,0.05111143834730622,0.17676400440244763,nan
688128.0,0.070236241204638,0.16077438081100812,nan
690176.0,0.06829837573891068,0.15825588908526617,nan
692224.0,0.06928828764485287,0.15721802422328945,nan
694272.0,0.06567840611504484,0.15703256569822638,nan
696320.0,0.05102802073407354,0.1745898265416807,nan
698368.0,0.05951976003797338,0.1526780196473398,nan
700416.0,0.058996168429146706,0.1650940050997495,nan
702464.0,0.05558209164627989,0.1795686165900539,21.611226611226613
704512.0,0.060975304959231855,0.17911892022742334,nan
706560.0,0.05947637815137936,0.16608994634185353,nan
708608.0,0.05128201607835223,0.1680014914592502,nan
710656.0,0.04694007227406591,0.16601226358633742,nan
712704.0,0.05321976724619633,0.16160203823006555,nan
714752.0,0.04375010894882676,0.17649676630721828,nan
716800.0,0.06368973155457171,0.15049706355298914,nan
718848.0,0.0798625405983914,0.1444038739524351,nan
720896.0,0.07996239174585357,0.1660707418099173,nan
722944.0,0.08319844498950074,0.1444134794542776,nan
724992.0,0.07338684831522838,0.1481765269572893,nan
727040.0,0.07995990723207277,0.14988697552469787,nan
729088.0,0.061997578152478146,0.14075562903775563,nan
731136.0,0.07931773792916763,0.15456554409891757,nan
733184.0,0.0633295102171355,0.15049240240057019,nan
735232.0,0.07994952569292876,0.17566635647483694,nan
737280.0,0.07834356143654822,0.15778951869482286,nan
739328.0,0.05561623608493741,0.17555819166603923,nan
741376.0,0.07223699485076582,0.16531826467898722,nan
743424.0,0.04764798857434965,0.1714126882848456,nan
745472.0,0.07566002191029245,0.16246751798968498,nan
747520.0,0.0741383195013513,0.16546904745560126,nan
749568.0,0.0683659612872557,0.1614171871183963,nan
751616.0,0.06267250648789884,0.1754448956493226,nan
753664.0,0.07209034707901393,0.1785977549870134,nan
755712.0,0.04872492859102194,0.15125492612664207,nan
757760.0,0.05577516078053498,0.15950408723504875,nan
759808.0,0.05661487538680803,0.16400029405454752,nan
761856.0,0.08111274527941693,0.16538768064524678,nan
763904.0,0.06946183819077956,0.15965162630440574,nan
765952.0,0.08175066108317686,0.1551109224249766,nan
768000.0,0.07162124197684507,0.15531714003708658,nan
770048.0,0.06557227063211367,0.1716251962629931,nan
772096.0,0.0501416621096507,0.16911432853397312,nan
774144.0,0.08045400985721965,0.158641812636694,nan
776192.0,0.07342263035696628,0.17150589381059994,nan
778240.0,0.05206115175063314,0.15826504199822086,nan
780288.0,0.057226315595697276,0.1496127865625387,nan
782336.0,0.10267166363635914,0.15529239350624122,nan
784384.0,0.06253298982493333,0.16865349400157262,nan
786432.0,0.06222024505137775,0.15736859995176378,nan
788480.0,0.0659466998894744,0.15891378614429436,nan
790528.0,0.04408707718330193,0.185963932777277,nan
792576.0,0.051379656186122655,0.15807818230163662,nan
794624.0,0.08645644795449092,0.1528973252043104,nan
796672.0,0.06268018800666378,0.17008988935732824,nan
798720.0,0.06255417695491282,0.15828229570597224,nan
800768.0,0.07934601579056888,0.1444662796866165,nan
802816.0,0.06757399089241602,0.1574178862281718,20.187110187110193
804864.0,0.061084283529619574,0.1524957273286064,nan
806912.0,0.04172837195250961,0.18782304046478887,nan
808960.0,0.07715754404364603,0.15555186978602398,nan
811008.0,0.06475426547586897,0.15772278166899742,nan
813056.0,0.08525716150550446,0.14928194885116342,nan
815104.0,0.06757508852801113,0.14316113632469185,nan
817152.0,0.08178557343390772,0.1525620035851282,nan
819200.0,0.09251036257793219,0.12079289782414133,nan
821248.0,0.07295343397784522,0.16024633953679612,nan
823296.0,0.08208729323258684,0.15362163008329593,nan
825344.0,0.0559974341471278,0.1519632930340806,nan
827392.0,0.06621610345703219,0.16812740753058253,nan
829440.0,0.05035252571364178,0.17959286720504658,nan
831488.0,0.060887601971967895,0.16126586977565904,nan
833536.0,0.05973136714525866,0.17017729561915532,nan
835584.0,0.055415713425592227,0.18408412067024937,nan
837632.0,0.06021512050889031,0.15869159915129388,nan
839680.0,0.0709317487431344,0.155172896610013,nan
841728.0,0.06686828097177674,0.16536671797006147,nan
843776.0,0.06673736397087783,0.15728021640607615,nan
845824.0,0.06797751759000682,0.14319530965082405,nan
847872.0,0.08113440367711687,0.1285957038272061,nan
849920.0,0.07763430014659736,0.15106800624210273,nan
851968.0,0.06560559117791756,0.16516030196586212,nan
854016.0,0.04242424584502529,0.15980902760244778,nan
856064.0,0.06781949284270347,0.17213196625869306,nan
858112.0,0.06458075847995318,0.1705019300187555,nan
860160.0,0.08658386511980082,0.16686038416332966,nan
862208.0,0.0730946044865253,0.15062668186711164,nan
864256.0,0.06747638772649053,0.15567297928696242,nan
866304.0,0.07752201736948174,0.15388653864550997,nan
868352.0,0.05354601359515938,0.16695029788276813,nan
870400.0,0.06505650709565347,0.17066932851800568,nan
872448.0,0.06721675862969499,0.16663586225680185,nan
874496.0,0.05132762422681647,0.16324435143425073,nan
876544.0,0.059415249554265526,0.15510033820398528,nan
878592.0,0.07238556659062263,0.16075686532012698,nan
880640.0,0.060143681668975726,0.15271426566305435,nan
882688.0,0.053919989511231184,0.16025026016377478,nan
884736.0,0.06424329143114652,0.16403233222631686,nan
886784.0,0.07345528479962807,0.14828145684019803,nan
888832.0,0.08533529475843943,0.1437874005939887,nan
890880.0,0.047155617068049244,0.1658566504041431,nan
892928.0,0.06499881863902392,0.13767147703589758,nan
894976.0,0.05942223322052502,0.14942088951652754,nan
897024.0,0.06360149866513032,0.16781284415360295,nan
899072.0,0.04448699950555079,0.1665326167097762,nan
901120.0,0.07290836730065595,0.13466127331183764,nan
903168.0,0.06320259347934287,0.17147828286621067,19.35550935550936
905216.0,0.07260156972576834,0.16887211873337787,nan
907264.0,0.061472746888420124,0.1573599560065162,nan
909312.0,0.05623786138877812,0.1768831387956723,nan
911360.0,0.07562867650456429,0.1548902849359769,nan
913408.0,0.0366670082740559,0.17881063907909361,nan
915456.0,0.053542056278607614,0.17054687130847632,nan
917504.0,0.08176967578097875,0.16773719173307192,nan
919552.0,0.06575152200527346,0.1695770299445936,nan
921600.0,0.06010153564790549,0.14017514665354147,nan
923648.0,0.056169075081881834,0.17868641818239045,nan
925696.0,0.05452159852276116,0.1595727029611975,nan
927744.0,0.08157819541763744,0.15340351715467013,nan
929792.0,0.05622176838892122,0.16716043344126877,nan
931840.0,0.07316773529101972,0.156780761422265,nan
933888.0,0.060047730505927044,0.16016548611213513,nan
935936.0,0.05466277778827462,0.16504588866827402,nan
937984.0,0.04649728052766079,0.1695374385704843,nan
940032.0,0.05277552255690944,0.15300173115456922,nan
942080.0,0.07272455249765952,0.15116927999104476,nan
944128.0,0.05705433103035244,0.15048573300623538,nan
946176.0,0.06891631263348012,0.18089247822029933,nan
948224.0,0.055547040694605296,0.15692085800970126,nan
950272.0,0.07068958069263423,0.1435782008217888,nan
952320.0,0.06342970372110013,0.1501866584491891,nan
954368.0,0.08495013681887939,0.17934825854977882,nan
956416.0,0.046936818593059274,0.18934281470420228,nan
958464.0,0.05723459522753621,0.15494893571210738,nan
960512.0,0.06908345849541,0.13656100588565404,nan
962560.0,0.07383078374307404,0.14939198531259204,nan
964608.0,0.05703252032703885,0.16635866034718008,nan
966656.0,0.06784003919216013,0.15453665418447599,nan
968704.0,0.06994251930857308,0.16934793040183505,nan
970752.0,0.07908478594515286,0.14722127456652945,nan
972800.0,0.05427020497517138,0.16389904665287913,nan
974848.0,0.07893497963955215,0.16325032054835084,nan
976896.0,0.07353171214587621,0.16349075640220362,nan
978944.0,0.07179164453028322,0.14510347676281737,nan
980992.0,0.06693279915264072,0.1495712951700746,nan
983040.0,0.07601898589235384,0.17098292172210375,nan
985088.0,0.06286552368065368,0.16013201133120317,nan
987136.0,0.06459874042426392,0.16151813673892523,nan
989184.0,0.0606795005283232,0.15060953902666513,nan
991232.0,0.08923160108904842,0.14642141338617717,nan
993280.0,0.0716988580603905,0.15040216095160566,nan
995328.0,0.06742197981594968,0.16994783781806358,nan
997376.0,0.07428192469379849,0.1534749522743636,nan
999424.0,0.06472613456899448,0.17002598257552173,nan
1001472.0,0.07082416239508327,0.1416361377427916,nan
1003520.0,0.0736169825001582,0.15336210471629683,25.841995841995846
1005568.0,0.07509854929704968,0.14802659869001333,nan
1007616.0,0.06370381662005276,0.14395845583138575,nan
1009664.0,0.06591904652482203,0.15480917025602844,nan
1011712.0,0.045096371502170426,0.16270092531298808,nan
1013760.0,0.06219361810223121,0.14779526106585253,nan
1015808.0,0.06330840162299961,0.166257226070119,nan
1017856.0,0.08549718488750938,0.16376305489383314,nan
1019904.0,0.06624779504893058,0.15441022694029283,nan
1021952.0,0.06831795274292009,0.14854477285615583,nan
1024000.0,0.07390757376314033,0.1646450371411222,nan
1026048.0,0.06829445553716804,0.1465137332774817,nan
1028096.0,0.061605934606699254,0.17941804673522116,nan
1030144.0,0.07457295055145696,0.1536192556352123,nan
1032192.0,0.08360272356789475,0.16740398390277822,nan
1034240.0,0.06381739628688214,0.1590169606773615,nan
1036288.0,0.08998586666230243,0.14143482620656203,nan
1038336.0,0.086661533358775,0.14438466696774982,nan
1040384.0,0.06201143201339753,0.14667932613226672,nan
1042432.0,0.0785683669483885,0.12262484625700341,nan
1044480.0,0.07181963233969602,0.15310185304555182,nan
1046528.0,0.07474719911891037,0.13839458681661845,nan
1048576.0,0.05274478857476664,0.17568350166772856,nan
1050624.0,0.07622780812736744,0.15680906359857144,nan
1052672.0,0.07344819496173878,0.14757259997336739,nan
1054720.0,0.0725000649916222,0.13929483779947557,nan
1056768.0,0.06815587644337055,0.1600364710171174,nan
1058816.0,0.06182503945584511,0.15753874789786967,nan
1060864.0,0.0680608823270577,0.16489221046669814,nan
1062912.0,0.08206169128174362,0.1303112538266729,nan
1064960.0,0.05684813649820157,0.16129024544187062,nan
1067008.0,0.0756394834312283,0.15831753287006625,nan
1069056.0,0.05969122381954603,0.14591418935590147,nan
1071104.0,0.07245753369379968,0.16956605848848408,nan
1073152.0,0.0941607764353111,0.13540498932101802,nan
1075200.0,0.0576689181443288,0.1810049303597103,nan
1077248.0,0.07802885765903962,0.15090622995598968,nan
1079296.0,0.054375139458221276,0.16374800767307976,nan
1081344.0,0.061076199838681525,0.14611534454067732,nan
1083392.0,0.060323741785230145,0.16853980800464993,nan
1085440.0,0.07650816920529895,0.12013000501222698,nan
1087488.0,0.07657973246745114,0.1397725086098087,nan
1089536.0,0.08523036228312622,0.13442821827848567,nan
1091584.0,0.09336127035165095,0.13773274089066004,nan
1093632.0,0.08695825903775115,0.14426602192191268,nan
1095680.0,0.08539145848841467,0.1430655394695432,nan
1097728.0,0.06195832377830491,0.15775670256098426,nan
1099776.0,0.0713586002199803,0.1555702077086009,nan
1101824.0,0.06994173213993929,0.1469538291291425,nan
1103872.0,0.058244663710014494,0.16271799272764598,21.30977130977131
1105920.0,0.06281222693085967,0.15164261308054947,nan
1107968.0,0.08702911018831788,0.13698863522479188,nan
1110016.0,0.061255347626760874,0.16427569552825905,nan
1112064.0,0.08691304014360313,0.1765356492606686,nan
1114112.0,0.06529581753940225,0.143205782911688,nan
1116160.0,0.05836275044091152,0.15489888270601593,nan
1118208.0,0.08235877167813932,0.16116699024797415,nan
1120256.0,0.09230355498471224,0.14612278727510852,nan
1122304.0,0.05735198730076075,0.17144772814990458,nan
1124352.0,0.06919484086673706,0.15714437641037812,nan
1126400.0,0.09036485066278797,0.13021160499753934,nan
1128448.0,0.07882422818465554,0.12577663544889664,nan
1130496.0,0.06294741568904011,0.16236318149446236,nan
1132544.0,0.09330130836054779,0.15440581619632274,nan
1134592.0,0.06751606281777447,0.15762802640185422,nan
1136640.0,0.06728218520442616,0.1632654387356531,nan
1138688.0,0.08567941663800674,0.1324075800638317,nan
1140736.0,0.06579978450234059,0.15148872805405572,nan
1142784.0,0.0858700791780874,0.1425589211213609,nan
1144832.0,0.07823547131119238,0.1378652079316667,nan
1146880.0,0.0779463556771498,0.15866487761933537,nan
1148928.0,0.04897540054077769,0.15091484259143106,nan
1150976.0,0.06385488503789802,0.16207171309722793,nan
1153024.0,0.06851038697873524,0.15614484800566458,nan
1155072.0,0.07648994268239298,0.14752180645644822,nan
1157120.0,0.0711667682450967,0.1454396358004322,nan
1159168.0,0.08252729809161252,0.15097854241305161,nan
1161216.0,0.06776470702599297,0.1600110921819331,nan
1163264.0,0.07709413760037696,0.14976601321113941,nan
1165312.0,0.08364605417792063,0.1455382849751709,nan
1167360.0,0.06798617377055978,0.14721109831792437,nan
1169408.0,0.07874781080251694,0.14416293578081277,nan
1171456.0,0.08909637142487895,0.1216330618961647,nan
1173504.0,0.07951700081733118,0.14201535408695332,nan
1175552.0,0.07852206365005054,0.13441244601181365,nan
1177600.0,0.0854777374679471,0.16268289457237775,nan
1179648.0,0.0806298191202429,0.12196386541731122,nan
1181696.0,0.08807995793161305,0.10920285461375183,nan
1183744.0,0.0743057927934658,0.14680488957223506,nan
1185792.0,0.08875517785763064,0.13547036518930788,nan
1187840.0,0.10120950590204154,0.12444892903253063,nan
1189888.0,0.08774791731975279,0.12353332230580172,nan
1191936.0,0.08883052654354139,0.11600344289440766,nan
1193984.0,0.09890699273450893,0.11091353150776963,nan
1196032.0,0.10558592721167538,0.10214105220106878,nan
1198080.0,0.08453633136095803,0.1361442470519591,nan
1200128.0,0.09469138302593966,0.11519757738090909,nan
1202176.0,0.10301835704956004,0.11293495118289625,nan
1204224.0,0.09612102026061564,0.12955951007528976,12.016632016632018
1206272.0,0.09113952355324745,0.13404387441093082,nan
1208320.0,0.09334442143744624,0.12475658932911386,nan
1210368.0,0.10104088563337503,0.10409120019104622,nan
1212416.0,0.0881490323668993,0.12662193792102025,nan
1214464.0,0.09600357711476751,0.11787966059178806,nan
1216512.0,0.10082011669959347,0.1187724709874453,nan
1218560.0,0.10153314147956552,0.09835548749124151,nan
1220608.0,0.09530661443770351,0.11735845999018131,nan
1222656.0,0.10482732016279782,0.10641772893776956,nan
1224704.0,0.10402865221167633,0.10603802937015978,nan
1226752.0,0.1092583186948799,0.09992823554283786,nan
1228800.0,0.1037054781044596,0.09988964453790375,nan
1230848.0,0.11057716528338238,0.10194220824742797,nan
1232896.0,0.11561707182029743,0.0926454688281986,nan
1234944.0,0.1122801498401149,0.0984143823118834,nan
1236992.0,0.1119161560093658,0.08845114798834187,nan
1239040.0,0.12298341234358522,0.06285091258261218,nan
1241088.0,0.1194714147026526,0.08771390642852613,nan
1243136.0,0.12362301218406424,0.06718168812702884,nan
1245184.0,0.12001509709683447,0.07262595306717842,nan
1247232.0,0.1187901332746028,0.08870165663746994,nan
1249280.0,0.11913825019079152,0.0706525779369763,nan
1251328.0,0.11604890097656238,0.08617691690697508,nan
1253376.0,0.11637141930794537,0.07891785358026551,nan
1255424.0,0.11325884060584668,0.0963767897890295,nan
1257472.0,0.11496930046875045,0.0855042696528323,nan
1259520.0,0.12120343612625199,0.07087734892051935,nan
1261568.0,0.12163987514732623,0.07053337642270774,nan
1263616.0,0.1245723450002637,0.061267432725362544,nan
1265664.0,0.11278525615872716,0.0982377210990301,nan
1267712.0,0.1228600908659234,0.06267792184988058,nan
1269760.0,0.127675786116429,0.03972525595128326,nan
1271808.0,0.12408764838406311,0.06718603744779655,nan
1273856.0,0.11424984035789609,0.0882533889005955,nan
1275904.0,0.11699460346131735,0.07892596634271568,nan
1277952.0,0.12338012882765925,0.05977138710426594,nan
1280000.0,0.1246865903085427,0.059966813539414576,nan
1282048.0,0.123212755389641,0.06265591073851795,nan
1284096.0,0.12541944055412008,0.05920602387414172,nan
1286144.0,0.12344945785658575,0.06731559272495019,nan
1288192.0,0.12337659995972367,0.06560873721393753,nan
1290240.0,0.12352063915058152,0.0666451269106722,nan
1292288.0,0.12951349889189945,0.04662015077441481,nan
1294336.0,0.12503364280121526,0.046668482464269065,nan
1296384.0,0.11778229086728928,0.08101349093788289,nan
1298432.0,0.1299080288854374,0.035655846033507736,nan
1300480.0,0.12242715002453133,0.07221096943239122,nan
1302528.0,0.12534765108553111,0.06136599869133568,nan
1304576.0,0.12432265439133351,0.06279802080851796,1.975051975051975
1306624.0,0.12353598588005665,0.06170460503560528,nan
1308672.0,0.1257236592988147,0.05318942906655971,nan
1310720.0,0.12611537546296356,0.06501382191288382,nan
